,Acquisition_Cost_per_Point,Acquisition_Cost_per_Point,Acquisition_Cost_per_Point,Acquisition_Cost_per_Point,Wage_Cost_per_Point,Wage_Cost_per_Point,Wage_Cost_per_Point,Wage_Cost_per_Point,Attacker_Acquisition_Premium_%,Attacker_Wage_Premium_%
Position_Group,ATT,DEF,GK,MDF,ATT,DEF,GK,MDF,,
Market_Tier,,,,,,,,,,
Elite (75+),0.5793854725964948,0.34256366839024943,0.2915063926201651,0.45101529378951283,1.2019045689393173,0.8477186203761579,0.6507525489561417,0.909166976571216,69.13220112310839,41.78107452753564
Mid-High (65-75),0.07599698214824616,0.057560863036574074,0.04692144217103322,0.07804461088599869,0.1837639575643615,0.14771373266418913,0.11028130111823228,0.16413592240510191,32.02891363869544,24.405466065994407
Development (<65),0.01957915827100623,0.010795132165071199,0.007884540860150616,0.016293074522602993,0.050556105779629566,0.036840628699287684,0.030602664749006213,0.04331644192504795,81.37025069833498,37.22921558232548
